marker,global_time
1,8.159360
10,8.164600
20,8.501574
30,17.610829
40,29.264924
51,29.773544
100,30.781504
70,31.777218
