marker,global_time
1,5.940334
10,5.945996
20,6.334797
30,7.382516
41,9.791658
50,9.799386
100,10.307053
70,10.795702
9,11.290266
1,11.290864
10,11.303810
20,11.580363
30,14.542433
40,15.216172
51,15.224843
200,15.724632
70,16.223979
9,16.716137
1,16.716731
10,16.722240
20,16.999836
30,20.372569
41,22.944386
50,22.951693
200,23.449043
70,23.946856
9,24.441509
1,24.442103
10,24.445493
20,24.780061
