marker,global_time
1,16.302699
10,16.308592
20,16.597999
30,18.199281
41,19.320287
50,19.434358
100,20.434195
70,21.421254
9,25.271753
1,25.272506
10,25.280586
20,25.593473
30,26.240286
40,27.818438
51,27.928562
100,28.923721
70,29.930057
9,59.912935
1,59.914113
10,59.917663
20,60.218350
30,62.362114
40,63.608819
50,63.722779
100,64.717117
70,65.718195
